{"data":{"Year":[2005,2005,2005,2005,2005,2005,2005,2010,2010,2010,2010,2010,2010,2010,2015,2015,2015,2015,2015,2015,2015,2016,2016,2016,2016,2016,2016,2016,2017,2017,2017,2017,2017,2017,2017,2018,2018,2018,2018,2018,2018,2018],"Type of product":["Agricultural products","Total or no breakdown","Arms","Clothing","Industrial products","Oil","Textiles","Agricultural products","Total or no breakdown","Arms","Clothing","Industrial products","Oil","Textiles","Agricultural products","Total or no breakdown","Arms","Clothing","Industrial products","Oil","Textiles","Agricultural products","Total or no breakdown","Arms","Clothing","Industrial products","Oil","Textiles","Agricultural products","Total or no breakdown","Arms","Clothing","Industrial products","Oil","Textiles","Agricultural products","Total or no breakdown","Arms","Clothing","Industrial products","Oil","Textiles"],"Value":[30.98314,28.8659,47.0,10.97898,30.98533,25.0,17.08353,32.38063,33.81901,47.76119,17.72596,35.40417,75.0,25.0712,42.64644,43.80521,53.93258,34.99225,44.93076,75.0,35.91208,41.74925,43.57564,56.83453,30.63891,44.65119,77.77778,38.53138,50.94756,49.92384,66.43357,43.89173,50.43849,85.71429,46.1589,51.92232,51.03072,66.43357,47.25151,51.36265,85.71429,48.35255]},"edges":[]}