{"Year":[2005,2006,2007,2008,2009,2010,2011,2012,2013,2014,2015,2016,2017,2018,2005,2006,2007,2008,2009,2010,2011,2012,2013,2014,2015,2016,2017,2018],"Units":["Deaths or missing persons","Deaths or missing persons","Deaths or missing persons","Deaths or missing persons","Deaths or missing persons","Deaths or missing persons","Deaths or missing persons","Deaths or missing persons","Deaths or missing persons","Deaths or missing persons","Deaths or missing persons","Deaths or missing persons","Deaths or missing persons","Deaths or missing persons","Directly affected persons","Directly affected persons","Directly affected persons","Directly affected persons","Directly affected persons","Directly affected persons","Directly affected persons","Directly affected persons","Directly affected persons","Directly affected persons","Directly affected persons","Directly affected persons","Directly affected persons","Directly affected persons"],"Value":[0.10999,0.14383,0.04865,0.13748,0.50128,0.20379,0.16673,0.04323,0.03294,0.85014,0.13119,0.05071,0.14002,0.28278,30.13204,54.94476,37.18728,11.5899,35.03071,316.08343,180.19194,55.94064,11.37706,24.13977,1.05543,17.80979,42.9559,26.48386]}