Year,기능,Value
2012,수리력,0.96633
2012,문해력,0.93635